excel_row,source_code
43,2000-H651-13
46,2000-H651-3
52,2000-H701-31
133,2000-S381-33
135,2000-S401-15
177,2001-S181-26
178,2001-S181-30
282,2002-S311-36
300,2003-H161-13
376,2003-H701-21
442,2003-S381-17
450,2003-S521-54
827,2008-H701-1
888,2009-H751-5
1238,2012-H751-10
1250,2012-H751-63
1581,2015-H581-18
1720,2016-H601-12
1780,2016-S321-73
1822,2017-H381-16
2074,2021-H582-211862
2087,2021-H752-212229
2090,2021-H942-218296
2113,2021-S313-219143
2120,2021-S413-213535
2121,2021-S432-219021
2145,70-H441-20
2146,70-H441-3
2181,70-S261-33
2189,70-S441-1
2216,70-S641-13
2262,71-H641-4
2305,71-S641-1
2423,72-S441-56
2531,73-S441-11
2630,74-H701-10
2638,74-H701-5
2639,74-H701-8
2640,74-H701-9
2664,74-S261-24
2674,74-S361-14
2689,74-S401-37
2697,74-S441-25
2698,74-S441-26
2713,74-S441-55
2729,74-S641-14
2730,74-S641-15
2836,75-S201-21
2841,75-S261-51
2842,75-S261-56
2857,75-S401-17
2884,75-S441-77
2897,75-S541-72
2905,75-S641-44
2906,75-S641-45
2997,76-H721-2
3016,76-S161-5
3021,76-S201-37
3034,76-S261-24
3036,76-S261-35
3048,76-S381-32
3050,76-S401-18
3074,76-S441-58
3075,76-S441-60
3098,76-S541-84
3132,77-H241-9
3254,77-S261-19
3255,77-S261-25
3309,77-S441-33
3311,77-S441-37
3316,77-S521-22
3361,78-H441-30
3437,78-S261-15
3459,78-S311-48
3505,79-H1094-1a
3506,79-H1094-1b
3507,79-H1094-1c
3515,79-H1109-8a
3516,79-H1109-8b
3517,79-H1110-0b
3518,79-H1110-0c
3523,79-H1113-12a
3524,79-H1113-12b
3525,79-H1113-12c
3571,79-H441-27
3573,79-H441-8
3652,79-Hhlrr-t.1
3653,79-Hhme-t.13
3654,79-Hhpul-t.13
3655,79-Hhpul-t.190
3656,79-Hhpul-t.24
3657,79-Hhpul-t.25
3658,79-Hhpul-t.29
3659,79-Hhpul-t.30
3660,79-Hhpul-t.31
3661,79-Hhpul-t.32
3682,79-S261-45
3761,79-S806-2b
3763,79-S809-1d
3764,79-S809-1e
3765,79-S809-2a
3766,79-S809-2b
3767,79-S809-2c
3768,79-S809-2d
3769,79-S809-2e
3771,79-Ssag-t.35
3772,79-Ssir-t.2
3773,79-Ssir-t.3
3774,79-Ssir-t.7
3777,80-H1134-0b
3822,80-H161-11
3824,80-H161-20
3839,80-H241-20
3854,80-H401-36
3877,80-H441-8
3879,80-H501-1
3886,80-H501-116
3898,80-H501-25
3911,80-H501-55
3943,80-H641-19
3957,80-H701-40
3986,80-Hhag-t.3
3987,80-Hhag-t.9
3988,80-Hhars-t.56
3989,80-Hhj-t.44
3990,80-Hhlnt-t.102
3991,80-Hhlnt-t.103
3992,80-Hhlnt-t.21
3993,80-Hhlnt-t.3
3994,80-Hhlnt-t.72
3995,80-Hhlnt-t.98
3996,80-Hhme-t.14
3997,80-Hhme-t.15
3998,80-Hhme-t.19
3999,80-Hhme-t.20
4000,80-Hhme-t.25
4001,80-Hhme-t.56
4002,80-Hhme-t.57
4003,80-Hhme-t.59
4004,80-Hhme-t.60
4005,80-Hhpoc-t.25
4006,80-Hhpul-t.1
4007,80-Hhpul-t.134
4008,80-Hhpul-t.137
4009,80-Hhpul-t.14
4010,80-Hhpul-t.15
4011,80-Hhpul-t.150
4012,80-Hhpul-t.151
4013,80-Hhpul-t.160
4014,80-Hhpul-t.161
4015,80-Hhpul-t.178
4016,80-Hhpul-t.181
4017,80-Hhpul-t.182
4018,80-Hhpul-t.193
4019,80-Hhpul-t.202
4020,80-Hhpul-t.205
4021,80-Hhpul-t.208
4022,80-Hhpul-t.209
4023,80-Hhpul-t.227
4024,80-Hhpul-t.231
4025,80-Hhpul-t.232
4026,80-Hhpul-t.233
4027,80-Hhpul-t.234
4028,80-Hhpul-t.245
4029,80-Hhpul-t.246
4030,80-Hhpul-t.247
4031,80-Hhpul-t.255
4032,80-Hhpul-t.256
4033,80-Hhpul-t.264
4034,80-Hhpul-t.274
4035,80-Hhpul-t.288
4036,80-Hhpul-t.289
4037,80-Hhpul-t.29
4038,80-Hhpul-t.297
4039,80-Hhpul-t.298
4040,80-Hhpul-t.309
4041,80-Hhpul-t.320
4042,80-Hhpul-t.321
4043,80-Hhpul-t.334
4044,80-Hhpul-t.335
4045,80-Hhpul-t.347
4046,80-Hhpul-t.348
4047,80-Hhpul-t.386
4048,80-Hhpul-t.387
4049,80-Hhpul-t.40
4050,80-Hhpul-t.400
4051,80-Hhpul-t.401
4052,80-Hhpul-t.407
4053,80-Hhpul-t.41
4054,80-Hhpul-t.425
4055,80-Hhpul-t.433
4056,80-Hhpul-t.434
4057,80-Hhpul-t.464
4058,80-Hhpul-t.470
4059,80-Hhpul-t.472
4060,80-Hhpul-t.473
4061,80-Hhpul-t.477
4062,80-Hhpul-t.478
4063,80-Hhpul-t.479
4064,80-Hhpul-t.480
4065,80-Hhpul-t.481
4066,80-Hhpul-t.492
4067,80-Hhpul-t.504
4068,80-Hhpul-t.505
4069,80-Hhpul-t.506
4070,80-Hhpul-t.512
4071,80-Hhpul-t.513
4072,80-Hhpul-t.516
4073,80-Hhpul-t.517
4074,80-Hhpul-t.526
4075,80-Hhpul-t.53
4076,80-Hhpul-t.531
4077,80-Hhpul-t.532
4078,80-Hhpul-t.538
4079,80-Hhpul-t.54
4080,80-Hhpul-t.545
4081,80-Hhpul-t.546
4082,80-Hhpul-t.55
4083,80-Hhpul-t.552
4084,80-Hhpul-t.554
4085,80-Hhpul-t.555
4086,80-Hhpul-t.56
4087,80-Hhpul-t.596
4088,80-Hhpul-t.609
4089,80-Hhpul-t.627
4090,80-Hhpul-t.633
4091,80-Hhpul-t.635
4092,80-Hhpul-t.638
4093,80-Hhpul-t.639
4094,80-Hhpul-t.640
4095,80-Hhpul-t.652
4096,80-Hhpul-t.76
4097,80-Hhpw-t.3
4098,80-Hhpw-t.9
4099,80-Hhru-t.116
4100,80-Hhru-t.120
4101,80-Hhru-t.129
4102,80-Hhru-t.146
4103,80-Hhru-t.149
4104,80-Hhru-t.151
4105,80-Hhru-t.160
4106,80-Hhru-t.168
4107,80-Hhru-t.179
4108,80-Hhru-t.43
4109,80-Hhru-t.46
4110,80-Hhru-t.87
4111,80-J812-1
4115,80-J872-1
4116,80-Jjato-t.29
4117,80-Jjato-t.42
4133,80-S261-55
4154,80-S311-31
4176,80-S311-58
4180,80-S311-61
4239,80-S721-34
4250,80-S854-0d
4271,80-Ssb-t.53
4272,80-Ssb-t.76
4273,80-Ssinf-t.19
4274,80-Ssinf-t.29
4275,80-Ssini-t.14
4276,80-Ssini-t.15
4277,80-Ssini-t.17
4278,80-Ssini-t.18
4279,80-Ssini-t.24
4280,80-Ssini-t.25
4281,80-Ssini-t.26
4282,80-Ssini-t.28
4283,80-Ssini-t.3
4284,80-Ssini-t.31
4285,80-Ssini-t.34
4286,80-Ssini-t.37
4287,80-Ssini-t.39
4288,80-Ssini-t.5
4289,80-Ssini-t.6
4290,80-Ssini-t.7
4291,80-Ssj-t.154
4292,80-Sslnf-1
4293,80-Sspoc-1
4294,80-Sspub-t.16
4295,80-Sspub-t.17
4296,80-Sspub-t.18
4297,80-Sspub-t.19
4298,80-Sspub-t.26
4299,80-Sspub-t.30
4300,80-Sspub-t.40
4301,80-Sspub-t.42
4302,81-H1231-0b
4312,81-H1256-5a
4313,81-H1256-5b
4319,81-H1265-6c
4330,81-H1295-31
4331,81-H1296-18
4332,81-H1296-72
4344,81-H161-20
4367,81-H361-7
4376,81-H401-21
4392,81-H441-22
4402,81-H501-19
4404,81-H501-23
4473,81-Hhag-t.22
4474,81-Hhag-t.23
4475,81-Hhag-t.24
4476,81-Hhd-t.61
4477,81-Hhme-t.15
4478,81-Hhme-t.2
4479,81-Hhme-t.3
4480,81-Hhme-t.7
4481,81-Hhpul-t.104
4482,81-Hhpul-t.110
4483,81-Hhpul-t.111
4484,81-Hhpul-t.116
4485,81-Hhpul-t.121
4486,81-Hhpul-t.122
4487,81-Hhpul-t.123
4488,81-Hhpul-t.124
4489,81-Hhpul-t.125
4490,81-Hhpul-t.133
4491,81-Hhpul-t.146
4492,81-Hhpul-t.149
4493,81-Hhpul-t.152
4494,81-Hhpul-t.157
4495,81-Hhpul-t.160
4496,81-Hhpul-t.161
4497,81-Hhpul-t.162
4498,81-Hhpul-t.165
4499,81-Hhpul-t.167
4500,81-Hhpul-t.168
4501,81-Hhpul-t.169
4502,81-Hhpul-t.181
4503,81-Hhpul-t.201
4504,81-Hhpul-t.209
4505,81-Hhpul-t.214
4506,81-Hhpul-t.215
4507,81-Hhpul-t.219
4508,81-Hhpul-t.236
4509,81-Hhpul-t.239
4510,81-Hhpul-t.24
4511,81-Hhpul-t.249
4512,81-Hhpul-t.25
4513,81-Hhpul-t.250
4514,81-Hhpul-t.252
4515,81-Hhpul-t.253
4516,81-Hhpul-t.262
4517,81-Hhpul-t.301
4518,81-Hhpul-t.311
4519,81-Hhpul-t.32
4520,81-Hhpul-t.324
4521,81-Hhpul-t.33
4522,81-Hhpul-t.356
4523,81-Hhpul-t.365
4524,81-Hhpul-t.366
4525,81-Hhpul-t.367
4526,81-Hhpul-t.368
4527,81-Hhpul-t.369
4528,81-Hhpul-t.378
4529,81-Hhpul-t.379
4530,81-Hhpul-t.381
4531,81-Hhpul-t.382
4532,81-Hhpul-t.388
4533,81-Hhpul-t.395
4534,81-Hhpul-t.396
4535,81-Hhpul-t.398
4536,81-Hhpul-t.417
4537,81-Hhpul-t.419
4538,81-Hhpul-t.42
4539,81-Hhpul-t.45
4540,81-Hhpul-t.451
4541,81-Hhpul-t.452
4542,81-Hhpul-t.459
4543,81-Hhpul-t.471
4544,81-Hhpul-t.472
4545,81-Hhpul-t.473
4546,81-Hhpul-t.474
4547,81-Hhpul-t.477
4548,81-Hhpul-t.492
4549,81-Hhpul-t.510
4550,81-Hhpul-t.515
4551,81-Hhpul-t.526
4552,81-Hhpul-t.527
4553,81-Hhpul-t.528
4554,81-Hhpul-t.529
4555,81-Hhpul-t.53
4556,81-Hhpul-t.540
4557,81-Hhpul-t.541
4558,81-Hhpul-t.548
4559,81-Hhpul-t.551
4560,81-Hhpul-t.552
4561,81-Hhpul-t.566
4562,81-Hhpul-t.569
4563,81-Hhpul-t.572
4564,81-Hhpul-t.590
4565,81-Hhpul-t.595
4566,81-Hhpul-t.597
4567,81-Hhpul-t.614
4568,81-Hhpul-t.618
4569,81-Hhpul-t.619
4570,81-Hhpul-t.631
4571,81-Hhpul-t.635
4572,81-Hhpul-t.638
4573,81-Hhpul-t.642
4574,81-Hhpul-t.76
4575,81-Hhpul-t.77
4576,81-Hhpul-t.89
4577,81-Hhpul-t.99
4578,81-Hhpw-t.8
4579,81-J893-6
4580,81-J894-4
4581,81-J917-0a
4582,81-J917-0b
4583,81-J917-0c
4584,81-J917-0d
4585,81-J917-0e
4586,81-J917-0f
4587,81-J917-0g
4588,81-J917-0h
4589,81-J917-0i
4590,81-J917-0j
4591,81-J917-0k
4592,81-J917-0l
4593,81-J917-0m
4594,81-J917-0n
4595,81-J917-0o
4596,81-J917-0p
4597,81-J917-0q
4598,81-J917-0r
4599,81-J917-0s
4600,81-J917-0t
4601,81-J917-0u
4602,81-J917-0v
4603,81-J921-1
4604,81-J921-3
4605,81-J921-7
4606,81-J921-9
4607,81-Jjato-t.1
4608,81-Jjato-t.100
4609,81-Jjato-t.101
4610,81-Jjato-t.112
4611,81-Jjato-t.117
4612,81-Jjato-t.2
4613,81-Jjato-t.23
4614,81-Jjato-t.29
4615,81-Jjato-t.32
4616,81-Jjato-t.33
4617,81-Jjato-t.38
4618,81-Jjato-t.47
4619,81-Jjato-t.51
4620,81-Jjato-t.55
4621,81-Jjato-t.62
4622,81-Jjato-t.63
4623,81-Jjato-t.64
4624,81-Jjato-t.66
4625,81-Jjato-t.67
4626,81-Jjato-t.70
4627,81-Jjato-t.71
4628,81-Jjato-t.73
4629,81-Jjato-t.74
4630,81-Jjato-t.75
4631,81-Jjato-t.8
4632,81-Jjato-t.83
4633,81-Jjato-t.84
4634,81-Jjato-t.85
4635,81-Jjato-t.86
4636,81-Jjato-t.90
4637,81-Jjato-t.91
4638,81-Jjato-t.97
4703,81-S321-8
4715,81-S401-9
4716,81-S521-10
4718,81-S521-3
4738,81-S922-1a
4739,81-S922-1b
4743,81-S941-0a
4744,81-S941-0b
4755,81-Ssag-t.2
4756,81-Ssag-t.7
4757,81-Ssb-t.4
4758,81-Ssfo-t.31
4759,81-Ssfo-t.77
4760,81-Ssini-t.1
4761,81-Ssini-t.16
4762,81-Ssini-t.21
4763,81-Ssini-t.23
4764,81-Ssini-t.24
4765,81-Ssini-t.25
4766,81-Ssini-t.28
4767,81-Ssini-t.29
4768,81-Ssini-t.3
4769,81-Ssini-t.30
4770,81-Ssini-t.32
4771,81-Ssini-t.34
4772,81-Ssini-t.38
4773,81-Ssini-t.40
4774,81-Ssini-t.45
4775,81-Ssini-t.48
4776,81-Ssini-t.49
4777,81-Ssini-t.51
4778,81-Ssini-t.56
4779,81-Ssini-t.58
4780,81-Ssini-t.59
4781,81-Ssini-t.60
4782,81-Ssini-t.62
4783,81-Ssini-t.63
4784,81-Ssini-t.65
4785,81-Ssini-t.68
4786,81-Ssini-t.69
4787,81-Ssini-t.71
4788,81-Ssini-t.73
4789,81-Ssini-t.75
4790,81-Ssini-t.78
4791,81-Ssini-t.82
4792,81-Ssini-t.86
4793,82-H1317-0a
4794,82-H1317-0b
4798,82-H1324-1b
4800,82-H1337-5a
4801,82-H1337-5b
4807,82-H1349-1a
4808,82-H1349-1b
4809,82-H1349-1c
4811,82-H1358-1a
4813,82-H1362-1a
4814,82-H1362-1b
4815,82-H1362-1c
4831,82-H161-30
4880,82-H361-52
4895,82-H361-7
4930,82-H441-17
4932,82-H441-24
4933,82-H441-25
4936,82-H441-28
4977,82-H721-20
4981,82-Hhag-t.17
4982,82-Hhag-t.19
4983,82-Hhag-t.20
4984,82-Hhag-t.24
4985,82-Hhag-t.25
4986,82-Hhag-t.34
4987,82-Hhag-t.40
4988,82-Hhag-t.5
4989,82-Hhag-t.6
4990,82-Hhag-t.9
4991,82-Hhd-t.35
4992,82-Hhj-t.46
4993,82-Hhlni-t.104
4994,82-Hhlni-t.127
4995,82-Hhlni-t.128
4996,82-Hhlni-t.129
4997,82-Hhlni-t.131
4998,82-Hhlni-t.132
4999,82-Hhlni-t.133
5000,82-Hhlni-t.134
5001,82-Hhlni-t.138
5002,82-Hhlni-t.141
5003,82-Hhlni-t.148
5004,82-Hhlni-t.149
5005,82-Hhlni-t.150
5006,82-Hhlni-t.151
5007,82-Hhlni-t.153
5008,82-Hhlni-t.154
5009,82-Hhlni-t.163
5010,82-Hhlni-t.164
5011,82-Hhlni-t.165
5012,82-Hhlni-t.17
5013,82-Hhlni-t.18
5014,82-Hhlni-t.188
5015,82-Hhlni-t.19
5016,82-Hhlni-t.191
5017,82-Hhlni-t.195
5018,82-Hhlni-t.204
5019,82-Hhlni-t.205
5020,82-Hhlni-t.206
5021,82-Hhlni-t.207
5022,82-Hhlni-t.208
5023,82-Hhlni-t.22
5024,82-Hhlni-t.223
5025,82-Hhlni-t.226
5026,82-Hhlni-t.227
5027,82-Hhlni-t.228
5028,82-Hhlni-t.229
5029,82-Hhlni-t.23
5030,82-Hhlni-t.230
5031,82-Hhlni-t.235
5032,82-Hhlni-t.264
5033,82-Hhlni-t.265
5034,82-Hhlni-t.269
5035,82-Hhlni-t.270
5036,82-Hhlni-t.271
5037,82-Hhlni-t.294
5038,82-Hhlni-t.297
5039,82-Hhlni-t.298
5040,82-Hhlni-t.299
5041,82-Hhlni-t.30
5042,82-Hhlni-t.31
5043,82-Hhlni-t.319
5044,82-Hhlni-t.32
5045,82-Hhlni-t.326
5046,82-Hhlni-t.327
5047,82-Hhlni-t.33
5048,82-Hhlni-t.332
5049,82-Hhlni-t.333
5050,82-Hhlni-t.334
5051,82-Hhlni-t.335
5052,82-Hhlni-t.338
5053,82-Hhlni-t.340
5054,82-Hhlni-t.341
5055,82-Hhlni-t.343
5056,82-Hhlni-t.357
5057,82-Hhlni-t.358
5058,82-Hhlni-t.363
5059,82-Hhlni-t.375
5060,82-Hhlni-t.376
5061,82-Hhlni-t.377
5062,82-Hhlni-t.378
5063,82-Hhlni-t.379
5064,82-Hhlni-t.387
5065,82-Hhlni-t.400
5066,82-Hhlni-t.401
5067,82-Hhlni-t.403
5068,82-Hhlni-t.408
5069,82-Hhlni-t.409
5070,82-Hhlni-t.411
5071,82-Hhlni-t.417
5072,82-Hhlni-t.418
5073,82-Hhlni-t.421
5074,82-Hhlni-t.422
5075,82-Hhlni-t.434
5076,82-Hhlni-t.436
5077,82-Hhlni-t.44
5078,82-Hhlni-t.440
5079,82-Hhlni-t.442
5080,82-Hhlni-t.443
5081,82-Hhlni-t.444
5082,82-Hhlni-t.445
5083,82-Hhlni-t.448
5084,82-Hhlni-t.449
5085,82-Hhlni-t.463
5086,82-Hhlni-t.464
5087,82-Hhlni-t.465
5088,82-Hhlni-t.48
5089,82-Hhlni-t.49
5090,82-Hhlni-t.5
5091,82-Hhlni-t.51
5092,82-Hhlni-t.55
5093,82-Hhlni-t.56
5094,82-Hhlni-t.57
5095,82-Hhlni-t.58
5096,82-Hhlni-t.60
5097,82-Hhlni-t.61
5098,82-Hhlni-t.62
5099,82-Hhlni-t.63
5100,82-Hhlni-t.76
5101,82-Hhlni-t.77
5102,82-Hhlni-t.83
5103,82-Hhlni-t.84
5104,82-Hhlni-t.85
5105,82-Hhlni-t.88
5106,82-Hhlni-t.95
5107,82-Hhlni-t.96
5108,82-Hhlni-t.97
5109,82-Hhlni-t.98
5110,82-Hhme-t.12
5111,82-Hhme-t.13
5112,82-Hhme-t.4
5113,82-Hhme-t.7
5114,82-Hhme-t.9
5115,82-Hhpw-t.4
5116,82-J1008-4
5117,82-J1025-2
5120,82-Jjato-t.1
5121,82-Jjato-t.10
5122,82-Jjato-t.11
5123,82-Jjato-t.2
5124,82-Jjato-t.20
5125,82-Jjato-t.28
5126,82-Jjato-t.3
5127,82-Jjato-t.30
5128,82-Jjato-t.4
5129,82-Jjato-t.5
5130,82-Jjato-t.6
5131,82-Jjato-t.9
5189,82-S321-14
5190,82-S321-15
5207,82-S361-14
5240,82-Ssfo-t.46
5241,82-Ssfo-t.50
5242,82-Ssinf-t.40
5243,82-Ssini-t.36
5244,82-Ssini-t.38
5245,82-Ssini-t.46
5246,82-Sssm-t.20
5248,83-H1393-3a
5249,83-H1393-3b
5250,83-H1393-3c
5259,83-H1435-1a
5260,83-H1435-1b
5275,83-H1473-1a
5276,83-H1473-1b
5284,83-H1494-1
5294,83-H241-28
5296,83-H341-58
5317,83-H361-42
5384,83-H641-9
5387,83-H701-16
5395,83-H701-45
5406,83-H721-24
5408,83-Hhag-t.2
5409,83-Hhj-t.121
5410,83-Hhlni-t.1
5411,83-Hhlni-t.102
5412,83-Hhlni-t.103
5413,83-Hhlni-t.108
5414,83-Hhlni-t.109
5415,83-Hhlni-t.121
5416,83-Hhlni-t.122
5417,83-Hhlni-t.123
5418,83-Hhlni-t.124
5419,83-Hhlni-t.130
5420,83-Hhlni-t.131
5421,83-Hhlni-t.134
5422,83-Hhlni-t.155
5423,83-Hhlni-t.156
5424,83-Hhlni-t.16
5425,83-Hhlni-t.162
5426,83-Hhlni-t.163
5427,83-Hhlni-t.164
5428,83-Hhlni-t.166
5429,83-Hhlni-t.175
5430,83-Hhlni-t.181
5431,83-Hhlni-t.189
5432,83-Hhlni-t.194
5433,83-Hhlni-t.198
5434,83-Hhlni-t.199
5435,83-Hhlni-t.200
5436,83-Hhlni-t.202
5437,83-Hhlni-t.213
5438,83-Hhlni-t.216
5439,83-Hhlni-t.218
5440,83-Hhlni-t.219
5441,83-Hhlni-t.220
5442,83-Hhlni-t.226
5443,83-Hhlni-t.231
5444,83-Hhlni-t.232
5445,83-Hhlni-t.244
5446,83-Hhlni-t.245
5447,83-Hhlni-t.250
5448,83-Hhlni-t.259
5449,83-Hhlni-t.260
5450,83-Hhlni-t.262
5451,83-Hhlni-t.269
5452,83-Hhlni-t.280
5453,83-Hhlni-t.285
5454,83-Hhlni-t.286
5455,83-Hhlni-t.287
5456,83-Hhlni-t.295
5457,83-Hhlni-t.296
5458,83-Hhlni-t.301
5459,83-Hhlni-t.302
5460,83-Hhlni-t.303
5461,83-Hhlni-t.304
5462,83-Hhlni-t.305
5463,83-Hhlni-t.308
5464,83-Hhlni-t.309
5465,83-Hhlni-t.31
5466,83-Hhlni-t.317
5467,83-Hhlni-t.318
5468,83-Hhlni-t.319
5469,83-Hhlni-t.32
5470,83-Hhlni-t.320
5471,83-Hhlni-t.321
5472,83-Hhlni-t.328
5473,83-Hhlni-t.331
5474,83-Hhlni-t.334
5475,83-Hhlni-t.335
5476,83-Hhlni-t.336
5477,83-Hhlni-t.34
5478,83-Hhlni-t.340
5479,83-Hhlni-t.341
5480,83-Hhlni-t.342
5481,83-Hhlni-t.355
5482,83-Hhlni-t.356
5483,83-Hhlni-t.360
5484,83-Hhlni-t.365
5485,83-Hhlni-t.369
5486,83-Hhlni-t.37
5487,83-Hhlni-t.372
5488,83-Hhlni-t.378
5489,83-Hhlni-t.379
5490,83-Hhlni-t.385
5491,83-Hhlni-t.391
5492,83-Hhlni-t.397
5493,83-Hhlni-t.398
5494,83-Hhlni-t.406
5495,83-Hhlni-t.414
5496,83-Hhlni-t.42
5497,83-Hhlni-t.422
5498,83-Hhlni-t.439
5499,83-Hhlni-t.441
5500,83-Hhlni-t.445
5501,83-Hhlni-t.453
5502,83-Hhlni-t.455
5503,83-Hhlni-t.456
5504,83-Hhlni-t.46
5505,83-Hhlni-t.464
5506,83-Hhlni-t.47
5507,83-Hhlni-t.496
5508,83-Hhlni-t.497
5509,83-Hhlni-t.498
5510,83-Hhlni-t.500
5511,83-Hhlni-t.504
5512,83-Hhlni-t.510
5513,83-Hhlni-t.521
5514,83-Hhlni-t.533
5515,83-Hhlni-t.535
5516,83-Hhlni-t.536
5517,83-Hhlni-t.544
5518,83-Hhlni-t.550
5519,83-Hhlni-t.552
5520,83-Hhlni-t.554
5521,83-Hhlni-t.560
5522,83-Hhlni-t.564
5523,83-Hhlni-t.565
5524,83-Hhlni-t.568
5525,83-Hhlni-t.57
5526,83-Hhlni-t.58
5527,83-Hhlni-t.6
5528,83-Hhlni-t.69
5529,83-Hhlni-t.8
5530,83-Hhlni-t.82
5531,83-Hhlni-t.83
5532,83-Hhlni-t.87
5533,83-Hhlni-t.88
5534,83-Hhme-t.20
5535,83-Hhpw-t.1
5536,83-Hhpw-t.10
5537,83-Hhpw-t.11
5538,83-Hhpw-t.14
5539,83-Hhpw-t.15
5540,83-Hhpw-t.21
5541,83-Hhpw-t.27
5542,83-Hhpw-t.29
5543,83-Hhpw-t.31
5544,83-Hhpw-t.34
5545,83-Hhpw-t.37
5546,83-Hhpw-t.4
5547,83-Hhpw-t.6
5548,83-Hhpw-t.7
5549,83-J1063-4
5550,83-J1063-5
5551,83-J1082-2
5552,83-J1082-3a
5553,83-J1082-3b
5555,83-Jjato-t.10
5556,83-Jjato-t.11
5557,83-Jjato-t.13
5558,83-Jjato-t.27
5559,83-Jjato-t.35
5560,83-Jjato-t.37
5580,83-S1101-8a
5581,83-S1101-8b
5616,83-S311-42
5662,83-Ssars-t.100
5663,83-Ssars-t.109
5664,83-Ssars-t.123
5665,83-Ssars-t.140
5666,83-Ssars-t.60
5667,83-Ssd-t.41
5668,83-Ssini-t.101
5669,83-Ssini-t.109
5670,83-Ssini-t.11
5671,83-Ssini-t.111
5672,83-Ssini-t.18
5673,83-Ssini-t.19
5674,83-Ssini-t.24
5675,83-Ssini-t.25
5676,83-Ssini-t.26
5677,83-Ssini-t.30
5678,83-Ssini-t.31
5679,83-Ssini-t.32
5680,83-Ssini-t.34
5681,83-Ssini-t.36
5682,83-Ssini-t.39
5683,83-Ssini-t.40
5684,83-Ssini-t.46
5685,83-Ssini-t.47
5686,83-Ssini-t.52
5687,83-Ssini-t.55
5688,83-Ssini-t.59
5689,83-Ssini-t.65
5690,83-Ssini-t.67
5691,83-Ssini-t.73
5692,83-Ssini-t.76
5693,83-Ssini-t.78
5694,83-Ssini-t.82
5695,83-Ssini-t.85
5696,83-Ssini-t.95
5697,83-Ssj-t.13
5698,83-Ssj-t.14
5699,83-Ssj-t.15
5700,83-Sslni-1
5701,83-Sspw-t.2
5706,84-H1495-1a
5707,84-H1495-1b
5709,84-H1498-5a
5710,84-H1498-5b
5727,84-H1547-3a
5728,84-H1547-3b
5729,84-H1547-3c
5734,84-H1564-2f
5735,84-H1564-2k
5736,84-H1564-2r
5737,84-H1564-2s
5741,84-H1586-6a
5742,84-H1586-6e
5743,84-H1586-6g
5744,84-H1586-6i
5747,84-H1587-5h
5757,84-H1768-6a
5758,84-H1768-6b
5759,84-H1768-6c
5847,84-Hhag-1
5848,84-Hhag-t.15
5849,84-Hhars-t.5
5850,84-Hhj-t.104
5851,84-Hhlni-t.100
5852,84-Hhlni-t.101
5853,84-Hhlni-t.102
5854,84-Hhlni-t.103
5855,84-Hhlni-t.106
5856,84-Hhlni-t.11
5857,84-Hhlni-t.110
5858,84-Hhlni-t.123
5859,84-Hhlni-t.125
5860,84-Hhlni-t.13
5861,84-Hhlni-t.131
5862,84-Hhlni-t.134
5863,84-Hhlni-t.135
5864,84-Hhlni-t.136
5865,84-Hhlni-t.137
5866,84-Hhlni-t.138
5867,84-Hhlni-t.139
5868,84-Hhlni-t.141
5869,84-Hhlni-t.142
5870,84-Hhlni-t.145
5871,84-Hhlni-t.149
5872,84-Hhlni-t.150
5873,84-Hhlni-t.151
5874,84-Hhlni-t.156
5875,84-Hhlni-t.16
5876,84-Hhlni-t.160
5877,84-Hhlni-t.161
5878,84-Hhlni-t.162
5879,84-Hhlni-t.163
5880,84-Hhlni-t.164
5881,84-Hhlni-t.166
5882,84-Hhlni-t.167
5883,84-Hhlni-t.168
5884,84-Hhlni-t.169
5885,84-Hhlni-t.17
5886,84-Hhlni-t.170
5887,84-Hhlni-t.171
5888,84-Hhlni-t.172
5889,84-Hhlni-t.173
5890,84-Hhlni-t.18
5891,84-Hhlni-t.182
5892,84-Hhlni-t.183
5893,84-Hhlni-t.184
5894,84-Hhlni-t.186
5895,84-Hhlni-t.19
5896,84-Hhlni-t.190
5897,84-Hhlni-t.191
5898,84-Hhlni-t.194
5899,84-Hhlni-t.198
5900,84-Hhlni-t.201
5901,84-Hhlni-t.202
5902,84-Hhlni-t.203
5903,84-Hhlni-t.210
5904,84-Hhlni-t.211
5905,84-Hhlni-t.216
5906,84-Hhlni-t.221
5907,84-Hhlni-t.222
5908,84-Hhlni-t.223
5909,84-Hhlni-t.229
5910,84-Hhlni-t.23
5911,84-Hhlni-t.232
5912,84-Hhlni-t.235
5913,84-Hhlni-t.236
5914,84-Hhlni-t.239
5915,84-Hhlni-t.247
5916,84-Hhlni-t.248
5917,84-Hhlni-t.249
5918,84-Hhlni-t.25
5919,84-Hhlni-t.258
5920,84-Hhlni-t.26
5921,84-Hhlni-t.261
5922,84-Hhlni-t.264
5923,84-Hhlni-t.265
5924,84-Hhlni-t.27
5925,84-Hhlni-t.274
5926,84-Hhlni-t.283
5927,84-Hhlni-t.284
5928,84-Hhlni-t.288
5929,84-Hhlni-t.289
5930,84-Hhlni-t.290
5931,84-Hhlni-t.293
5932,84-Hhlni-t.295
5933,84-Hhlni-t.296
5934,84-Hhlni-t.297
5935,84-Hhlni-t.298
5936,84-Hhlni-t.299
5937,84-Hhlni-t.300
5938,84-Hhlni-t.303
5939,84-Hhlni-t.304
5940,84-Hhlni-t.305
5941,84-Hhlni-t.307
5942,84-Hhlni-t.308
5943,84-Hhlni-t.313
5944,84-Hhlni-t.314
5945,84-Hhlni-t.315
5946,84-Hhlni-t.316
5947,84-Hhlni-t.320
5948,84-Hhlni-t.321
5949,84-Hhlni-t.324
5950,84-Hhlni-t.332
5951,84-Hhlni-t.347
5952,84-Hhlni-t.348
5953,84-Hhlni-t.35
5954,84-Hhlni-t.354
5955,84-Hhlni-t.356
5956,84-Hhlni-t.360
5957,84-Hhlni-t.363
5958,84-Hhlni-t.364
5959,84-Hhlni-t.365
5960,84-Hhlni-t.366
5961,84-Hhlni-t.367
5962,84-Hhlni-t.37
5963,84-Hhlni-t.378
5964,84-Hhlni-t.379
5965,84-Hhlni-t.38
5966,84-Hhlni-t.382
5967,84-Hhlni-t.384
5968,84-Hhlni-t.385
5969,84-Hhlni-t.386
5970,84-Hhlni-t.388
5971,84-Hhlni-t.39
5972,84-Hhlni-t.390
5973,84-Hhlni-t.391
5974,84-Hhlni-t.392
5975,84-Hhlni-t.4
5976,84-Hhlni-t.40
5977,84-Hhlni-t.405
5978,84-Hhlni-t.409
5979,84-Hhlni-t.41
5980,84-Hhlni-t.411
5981,84-Hhlni-t.416
5982,84-Hhlni-t.420
5983,84-Hhlni-t.422
5984,84-Hhlni-t.426
5985,84-Hhlni-t.427
5986,84-Hhlni-t.43
5987,84-Hhlni-t.430
5988,84-Hhlni-t.434
5989,84-Hhlni-t.436
5990,84-Hhlni-t.437
5991,84-Hhlni-t.444
5992,84-Hhlni-t.448
5993,84-Hhlni-t.49
5994,84-Hhlni-t.5
5995,84-Hhlni-t.50
5996,84-Hhlni-t.51
5997,84-Hhlni-t.52
5998,84-Hhlni-t.53
5999,84-Hhlni-t.55
6000,84-Hhlni-t.6
6001,84-Hhlni-t.63
6002,84-Hhlni-t.65
6003,84-Hhlni-t.66
6004,84-Hhlni-t.67
6005,84-Hhlni-t.68
6006,84-Hhlni-t.7
6007,84-Hhlni-t.72
6008,84-Hhlni-t.79
6009,84-Hhlni-t.80
6010,84-Hhlni-t.82
6011,84-Hhlni-t.83
6012,84-Hhlni-t.84
6013,84-Hhlni-t.87
6014,84-Hhlni-t.88
6015,84-Hhlni-t.90
6016,84-Hhlni-t.91
6017,84-Hhlni-t.92
6018,84-Hhlni-t.95
6019,84-Hhlni-t.99
6020,84-Hhme-2
6021,84-Hhme-t.21
6022,84-Hhme-t.35
6023,84-Hhru-t.1
6024,84-J1147-3
6025,84-J1147-4
6026,84-J1147-5
6027,84-J1178-4
6028,84-J1178-5
6029,84-J1178-6
6030,84-J1197-2
6032,84-Jjato-t.18
6033,84-Jjato-t.2
6034,84-Jjato-t.23
6035,84-Jjato-t.24
6036,84-Jjato-t.25
6037,84-Jjato-t.30
6038,84-Jjato-t.31
6039,84-Jjato-t.35
6040,84-Jjato-t.38
6041,84-Jjato-t.41
6042,84-Jjato-t.43
6043,84-Jjato-t.45
6044,84-Jjato-t.7
6045,84-Jjato-t.8
6046,84-Jjato-t.9
6064,84-S1150-5a
6065,84-S1150-5b
6155,84-Ssag-1
6156,84-Ssd-1
6157,84-Ssd-t.1
6158,84-Ssfo-t.61
6159,84-Ssini-t.100
6160,84-Ssini-t.103
6161,84-Ssini-t.104
6162,84-Ssini-t.114
6163,84-Ssini-t.12
6164,84-Ssini-t.14
6165,84-Ssini-t.16
6166,84-Ssini-t.19
6167,84-Ssini-t.22
6168,84-Ssini-t.24
6169,84-Ssini-t.26
6170,84-Ssini-t.27
6171,84-Ssini-t.28
6172,84-Ssini-t.29
6173,84-Ssini-t.30
6174,84-Ssini-t.31
6175,84-Ssini-t.32
6176,84-Ssini-t.34
6177,84-Ssini-t.35
6178,84-Ssini-t.36
6179,84-Ssini-t.37
6180,84-Ssini-t.38
6181,84-Ssini-t.41
6182,84-Ssini-t.5
6183,84-Ssini-t.50
6184,84-Ssini-t.59
6185,84-Ssini-t.60
6186,84-Ssini-t.66
6187,84-Ssini-t.67
6188,84-Ssini-t.79
6189,84-Ssini-t.81
6190,84-Ssini-t.82
6191,84-Ssini-t.89
6192,84-Sslni-1
6193,84-Sslni-2
6197,85-H1608-1e
6205,85-H161-31
6211,85-H1630-1g
6212,85-H1631-1a
6213,85-H1631-1b
6217,85-H1632-5a
6218,85-H1632-5b
6219,85-H1632-5c
6221,85-H1638-5g
6227,85-H1642-3b
6228,85-H1642-3e
6272,85-H361-57
6323,85-H441-20
6376,85-Hhgov-t.4
6377,85-Hhgov-t.50
6378,85-Hhj-t.475
6379,85-Hhj-t.522
6380,85-Hhj-t.543
6381,85-Hhlni-t.1
6382,85-Hhlni-t.103
6383,85-Hhlni-t.120
6384,85-Hhlni-t.128
6385,85-Hhlni-t.129
6386,85-Hhlni-t.130
6387,85-Hhlni-t.131
6388,85-Hhlni-t.135
6389,85-Hhlni-t.136
6390,85-Hhlni-t.137
6391,85-Hhlni-t.138
6392,85-Hhlni-t.139
6393,85-Hhlni-t.140
6394,85-Hhlni-t.141
6395,85-Hhlni-t.149
6396,85-Hhlni-t.153
6397,85-Hhlni-t.154
6398,85-Hhlni-t.155
6399,85-Hhlni-t.156
6400,85-Hhlni-t.160
6401,85-Hhlni-t.162
6402,85-Hhlni-t.163
6403,85-Hhlni-t.164
6404,85-Hhlni-t.165
6405,85-Hhlni-t.166
6406,85-Hhlni-t.167
6407,85-Hhlni-t.168
6408,85-Hhlni-t.171
6409,85-Hhlni-t.174
6410,85-Hhlni-t.177
6411,85-Hhlni-t.180
6412,85-Hhlni-t.185
6413,85-Hhlni-t.186
6414,85-Hhlni-t.187
6415,85-Hhlni-t.188
6416,85-Hhlni-t.189
6417,85-Hhlni-t.192
6418,85-Hhlni-t.196
6419,85-Hhlni-t.197
6420,85-Hhlni-t.198
6421,85-Hhlni-t.201
6422,85-Hhlni-t.202
6423,85-Hhlni-t.203
6424,85-Hhlni-t.215
6425,85-Hhlni-t.216
6426,85-Hhlni-t.217
6427,85-Hhlni-t.229
6428,85-Hhlni-t.231
6429,85-Hhlni-t.235
6430,85-Hhlni-t.245
6431,85-Hhlni-t.250
6432,85-Hhlni-t.254
6433,85-Hhlni-t.257
6434,85-Hhlni-t.258
6435,85-Hhlni-t.259
6436,85-Hhlni-t.263
6437,85-Hhlni-t.264
6438,85-Hhlni-t.265
6439,85-Hhlni-t.266
6440,85-Hhlni-t.270
6441,85-Hhlni-t.283
6442,85-Hhlni-t.284
6443,85-Hhlni-t.290
6444,85-Hhlni-t.291
6445,85-Hhlni-t.292
6446,85-Hhlni-t.293
6447,85-Hhlni-t.295
6448,85-Hhlni-t.303
6449,85-Hhlni-t.306
6450,85-Hhlni-t.307
6451,85-Hhlni-t.308
6452,85-Hhlni-t.32
6453,85-Hhlni-t.321
6454,85-Hhlni-t.327
6455,85-Hhlni-t.328
6456,85-Hhlni-t.351
6457,85-Hhlni-t.352
6458,85-Hhlni-t.353
6459,85-Hhlni-t.354
6460,85-Hhlni-t.356
6461,85-Hhlni-t.357
6462,85-Hhlni-t.358
6463,85-Hhlni-t.359
6464,85-Hhlni-t.370
6465,85-Hhlni-t.371
6466,85-Hhlni-t.378
6467,85-Hhlni-t.384
6468,85-Hhlni-t.385
6469,85-Hhlni-t.390
6470,85-Hhlni-t.392
6471,85-Hhlni-t.396
6472,85-Hhlni-t.397
6473,85-Hhlni-t.40
6474,85-Hhlni-t.401
6475,85-Hhlni-t.404
6476,85-Hhlni-t.405
6477,85-Hhlni-t.408
6478,85-Hhlni-t.415
6479,85-Hhlni-t.418
6480,85-Hhlni-t.422
6481,85-Hhlni-t.423
6482,85-Hhlni-t.424
6483,85-Hhlni-t.432
6484,85-Hhlni-t.433
6485,85-Hhlni-t.434
6486,85-Hhlni-t.438
6487,85-Hhlni-t.439
6488,85-Hhlni-t.44
6489,85-Hhlni-t.440
6490,85-Hhlni-t.445
6491,85-Hhlni-t.448
6492,85-Hhlni-t.455
6493,85-Hhlni-t.456
6494,85-Hhlni-t.457
6495,85-Hhlni-t.459
6496,85-Hhlni-t.462
6497,85-Hhlni-t.47
6498,85-Hhlni-t.479
6499,85-Hhlni-t.480
6500,85-Hhlni-t.481
6501,85-Hhlni-t.482
6502,85-Hhlni-t.485
6503,85-Hhlni-t.486
6504,85-Hhlni-t.491
6505,85-Hhlni-t.492
6506,85-Hhlni-t.493
6507,85-Hhlni-t.499
6508,85-Hhlni-t.503
6509,85-Hhlni-t.504
6510,85-Hhlni-t.505
6511,85-Hhlni-t.506
6512,85-Hhlni-t.510
6513,85-Hhlni-t.515
6514,85-Hhlni-t.516
6515,85-Hhlni-t.517
6516,85-Hhlni-t.521
6517,85-Hhlni-t.522
6518,85-Hhlni-t.523
6519,85-Hhlni-t.55
6520,85-Hhlni-t.64
6521,85-Hhlni-t.68
6522,85-Hhlni-t.69
6523,85-Hhlni-t.7
6524,85-Hhlni-t.70
6525,85-Hhlni-t.71
6526,85-Hhlni-t.79
6527,85-Hhlni-t.81
6528,85-Hhlni-t.89
6529,85-Hhlni-t.9
6530,85-Hhlni-t.93
6531,85-Hhlni-t.96
6532,85-Hhme-t.1
6533,85-Hhme-t.2
6534,85-Hhme-t.20
6535,85-Hhme-t.28
6536,85-Hhme-t.29
6537,85-Hhme-t.30
6538,85-Hhme-t.7
6539,85-Hhme-t.8
6540,85-J1219-1
6541,85-J1219-2
6542,85-J1219-4
6543,85-J1233-1a
6544,85-J1233-1b
6545,85-J1249-2
6546,85-J1249-3
6547,85-J1249-4
6548,85-J1249-5
6549,85-J1262-3
6550,85-J1296-1
6551,85-J1296-2
6552,85-J1296-3
6553,85-J1300-1
6554,85-J1300-3
6555,85-J1404-2
6556,85-Jjato-t.12
6557,85-Jjato-t.13
6558,85-Jjato-t.17
6559,85-Jjato-t.18
6560,85-Jjato-t.22
6561,85-Jjato-t.23
6562,85-Jjato-t.25
6563,85-Jjato-t.29
6564,85-Jjato-t.32
6565,85-Jjato-t.35
6566,85-Jjato-t.36
6567,85-Jjato-t.38
6568,85-Jjato-t.43
6569,85-Jjato-t.46
6570,85-Jjato-t.51
6571,85-Jjato-t.53
6572,85-Jjato-t.57
6573,85-Jjato-t.60
6574,85-Jjato-t.61
6578,85-S1224-1a
6579,85-S1224-1b
6582,85-S1234-1a
6583,85-S1234-1b
6590,85-S1258-2a
6591,85-S1258-2b
6595,85-S1274-2a
6596,85-S1274-2b
6603,85-S1291-5
6660,85-S321-34
6661,85-S321-35
6667,85-S361-2
6669,85-S381-22
6672,85-S411-1
6673,85-S411-5
6674,85-S411-6
6676,85-S521-23
6678,85-S521-76
6679,85-S521-8
6682,85-Ssfo-t.73
6683,85-Ssfo-t.74
6684,85-Ssfo-t.80
6685,85-Ssinf-t.2
6686,85-Ssini-t.12
6687,85-Ssini-t.17
6688,85-Ssini-t.24
6689,85-Ssini-t.35
6690,85-Ssini-t.36
6691,85-Ssini-t.39
6692,85-Ssini-t.41
6693,85-Ssini-t.42
6694,85-Ssini-t.44
6695,85-Ssini-t.53
6696,85-Ssini-t.62
6697,85-Ssini-t.64
6698,85-Ssini-t.66
6699,85-Ssini-t.68
6700,85-Ssini-t.69
6701,85-Ssini-t.70
6702,85-Ssini-t.71
6703,85-Ssini-t.75
6704,85-Ssini-t.76
6705,85-Ssini-t.77
6706,85-Ssini-t.81
6707,85-Ssini-t.82
6708,85-Ssini-t.84
6709,85-Ssini-t.88
6710,85-Ssini-t.9
6711,85-Ssj-t.2
6712,85-Sspw-t.1
6739,86-H1764-2a
6740,86-H1764-2b
6752,86-H181-14
6753,86-H181-17
6755,86-H1812-7
6773,86-H1970-9
6820,86-H441-24
6837,86-H641-7
6861,86-J1317-1
6862,86-J1341-5
6863,86-J1342-1
6864,86-J1343-1a
6865,86-J1343-1b
6866,86-J1351-2
6867,86-J1351-3
6868,86-J1351-4
6869,86-J1359-5
6870,86-J1385-3
6871,86-J1394-1
6872,86-J1404-4
6873,86-J1414-7
6874,86-J1415-2
6875,86-J1415-3
6876,86-J1417-1
6877,86-J1417-5
6895,86-S1359-14a
6896,86-S1359-14b
6901,86-S1372-1a
6902,86-S1372-1b
6914,86-S1395-2
6923,86-S1406-1b
6927,86-S1412-1a
6928,86-S1412-1b
6929,86-S1412-1c
6932,86-S1418-3
6950,86-S311-23
6953,86-S311-3
6956,86-S311-35
6957,86-S311-37
6958,86-S311-39
6960,86-S311-40
6964,86-S311-45
6966,86-S311-48
6967,86-S311-49
6973,86-S311-6
6974,86-S311-7
6977,86-S321-13
6980,86-S321-20
6983,86-S321-27
6985,86-S321-3
6987,86-S321-33
6990,86-S321-40
6991,86-S321-7
6992,86-S321-8
6993,86-S361-24
6994,86-S361-31
6997,86-S401-30
6998,86-S411-11
7001,86-S521-26
7003,86-S541-54
7005,86-Ssars-t.27
7006,86-Ssars-t.9
7007,86-Ssfo-t.18
7008,86-Ssfo-t.30
7009,86-Ssinf-t.4
7010,86-Ssinf-t.7
7011,86-Ssini-t.3
7012,86-Ssini-t.4
7013,86-Ssini-t.6
7014,86-Sss-t.11
7015,86-Sss-t.5
7016,86-Sss-t.9
7037,87-H1873-4
7043,87-H1900-4
7048,87-H1905-7a
7049,87-H1905-7b
7050,87-H1905-7c
7113,87-H401-40
7146,87-H441-7
7179,87-J1458-1
7180,87-J1458-2
7181,87-J1487-2
7182,87-J1508-1
7183,87-J1512-1
7184,87-J1512-3
7185,87-J1512-4
7186,87-J1512-5
7187,87-J1512-6
7188,87-J1521-2
7189,87-J1521-4
7190,87-J1545-1
7195,87-S1431-14
7217,87-S1479-1a
7218,87-S1479-1b
7219,87-S1493-1a
7220,87-S1493-1b
7226,87-S1509-13
7228,87-S1509-16a
7234,87-S1511-3a
7235,87-S1511-3b
7248,87-S311-14
7296,87-S361-35
7297,87-S381-14
7302,87-S411-4
7305,87-Ssag-t.1
7306,87-Ssag-t.2
7307,87-Ssars-t.30
7308,87-Ssd-t.47
7309,87-Ssini-t.1
7310,87-Ssini-t.11
7311,87-Ssini-t.13
7312,87-Ssini-t.17
7313,87-Ssini-t.19
7314,87-Ssini-t.20
7315,87-Ssini-t.21
7316,87-Ssini-t.25
7317,87-Ssini-t.26
7318,87-Ssini-t.28
7319,87-Ssini-t.29
7320,87-Ssini-t.30
7321,87-Ssini-t.32
7322,87-Ssini-t.34
7323,87-Ssini-t.36
7324,87-Ssini-t.42
7325,87-Ssini-t.45
7326,87-Ssini-t.48
7327,87-Ssini-t.49
7328,87-Ssini-t.50
7329,87-Ssini-t.52
7330,87-Ssini-t.56
7331,87-Ssini-t.57
7332,87-Ssini-t.60
7333,87-Ssini-t.62
7334,87-Ssini-t.70
7335,87-Ssini-t.72
7336,87-Ssini-t.73
7337,87-Ssini-t.77
7338,87-Ssini-t.9
7339,87-Sss-t.1
7375,88-H2002-6a
7376,88-H2002-6b
7377,88-H2002-7a
7378,88-H2002-7b
7406,88-H2056-3a
7407,88-H2056-3b
7408,88-H2056-3c
7409,88-H2056-3d
7410,88-H2056-4a
7414,88-H2084-1
7415,88-H2086-2
7416,88-H2088-0a
7417,88-H2088-0b
7425,88-H2099-1a
7426,88-H2099-1b
7428,88-H2100-0a
7429,88-H2100-0b
7430,88-H2100-0c
7431,88-H2100-0d
7449,88-H361-78
7453,88-H361-90
7477,88-H441-22
7492,88-H441-39
7543,88-H701-30
7556,88-J1456-1
7557,88-J1545-5
7558,88-J1615-4
7559,88-J1615-5
7560,88-J1627-0a
7561,88-J1627-0b
7562,88-J1636-4
7568,88-S1509-8
7573,88-S1511-3c
7589,88-S1579-10a
7590,88-S1579-10b
7596,88-S1595-3a
7597,88-S1595-3b
7598,88-S1595-3c
7599,88-S1595-3d
7607,88-S1609-5a
7608,88-S1609-5b
7623,88-S1639-12a
7624,88-S1639-12b
7637,88-S1701-3a
7638,88-S1701-3b
7639,88-S1701-3c
7640,88-S1701-3d
7685,88-S311-54
7689,88-S311-59
7693,88-S311-63
7721,88-S321-30
7740,88-S321-7
7743,88-S381-1
7757,88-S761-2
7758,88-Ssb-t.36
7759,88-Sscom-t.1
7760,88-Sscom-t.7
7761,88-Ssini-t.16
7762,88-Ssini-t.19
7763,88-Ssini-t.21
7764,88-Ssini-t.25
7765,88-Ssini-t.26
7766,88-Ssini-t.28
7767,88-Ssini-t.31
7768,88-Ssini-t.32
7769,88-Ssini-t.33
7770,88-Ssini-t.34
7771,88-Ssini-t.37
7772,88-Ssini-t.38
7773,88-Ssini-t.48
7774,88-Ssini-t.49
7775,88-Ssini-t.52
7776,88-Ssini-t.55
7777,88-Ssini-t.57
7778,88-Ssini-t.59
7779,88-Ssini-t.61
7780,88-Ssini-t.63
7781,88-Ssini-t.72
7782,88-Ssini-t.73
7783,88-Ssini-t.74
7784,88-Ssini-t.76
7785,88-Ssini-t.79
7786,88-Ssini-t.8
7787,88-Ssini-t.80
7788,88-Ssini-t.81
7820,89-H201-13
7850,89-H2165-0a
7851,89-H2165-0b
7852,89-H2165-0c
7853,89-H2168-2a
7854,89-H2168-2b
7861,89-H2180-1a
7862,89-H2180-1b
7870,89-H2210-1b
7879,89-H2231-1b
7898,89-H361-123
7906,89-H361-148
7917,89-H361-171
7918,89-H361-172
7927,89-H361-21
7929,89-H361-27
7976,89-H441-17
7978,89-H441-23
8065,89-H701-95
8070,89-H781-9
8071,89-J1679-2
8072,89-J1714-1
8073,89-J1714-2
8074,89-J1722-1
8075,89-J1722-5
8076,89-J1762-8
8077,89-J1766-4
8078,89-S1424-5
8087,89-S1669-0a
8088,89-S1669-0b
8155,89-S311-30
8212,89-S401-26
8230,89-Sscom-1
8231,89-SSIni-1
8232,89-SSIni-12
8233,89-SSIni-14
8234,89-SSIni-15
8235,89-SSIni-16
8236,89-SSIni-2
8237,89-SSIni-5
8238,89-SSIni-6
8239,89-SSIni-7
8240,89-SSIni-8
8241,89-SSIni-9
8242,89-Ssini-t.10
8243,89-Ssini-t.11
8244,89-Ssini-t.19
8245,89-Ssini-t.21
8246,89-Ssini-t.28
8247,89-Ssini-t.29
8248,89-Ssini-t.31
8249,89-Ssini-t.39
8250,89-Ssini-t.40
8251,89-Ssini-t.45
8252,89-Ssini-t.46
8253,89-Ssini-t.47
8254,89-Ssini-t.48
8255,89-Ssini-t.51
8256,89-Ssini-t.53
8257,89-Ssini-t.54
8258,89-Ssini-t.55
8259,89-Ssini-t.56
8260,89-Ssini-t.59
8261,89-Ssini-t.60
8262,89-Ssini-t.65
8263,89-Ssini-t.7
8264,89-Ssini-t.71
8265,89-Ssini-t.72
8266,89-Ssini-t.8
8267,89-Ssini-t.9
8274,90-H161-27
8283,90-H181-58
8309,90-H2309-1a
8310,90-H2309-1b
8343,90-H241-78
8372,90-H441-1
8373,90-H441-11
8399,90-H561-32
8400,90-H561-33
8404,90-H561-44
8407,90-H561-52
8408,90-H561-57
8409,90-H561-58
8437,90-HHAp-1
8438,90-J1822-1
8439,90-J1868-4
8440,90-J1882-1
8441,90-J1914-2
8442,90-J1914-3
8443,90-J1930-2
8444,90-J1983-3
8457,90-S1794-7a
8458,90-S1794-7b
8461,90-S1800-5a
8462,90-S1800-5b
8467,90-S181-1
8471,90-S1821-0a
8472,90-S1821-0b
8507,90-S1903-1a
8508,90-S1903-1b
8539,90-S311-18
8616,90-SSAp-1
8617,90-Ssfo-t.7
8618,90-Ssini-t.12
8619,90-Ssini-t.17
8620,90-Ssini-t.2
8621,90-Ssini-t.29
8622,90-Ssini-t.3
8623,90-Ssini-t.32
8624,90-Ssini-t.34
8625,90-Ssini-t.35
8626,90-Ssini-t.37
8627,90-Ssini-t.38
8628,90-Ssini-t.39
8629,90-Ssini-t.40
8630,90-Ssini-t.47
8631,90-Ssini-t.54
8632,90-Ssini-t.61
8633,90-Ssini-t.71
8634,90-Ssini-t.8
8691,91-H2474-1a
8695,91-H2484-1b
8702,91-H2522-4a
8707,91-H2592-1a
8708,91-H2592-1b
8742,91-H401-7
8749,91-H441-11
8750,91-H441-12
8754,91-H441-2
8756,91-H441-21
8763,91-H441-4
8766,91-H441-44
8769,91-H441-5
8779,91-H561-1
8784,91-H561-17
8813,91-H641-30
8841,91-H721-25
8844,91-HHMe-2
8845,91-HHMe-4
8846,91-J1973-5
8847,91-J2002-3
8848,91-J2019-2
8849,91-J2020-1
8850,91-J2020-2
8886,91-S2006-1a
8887,91-S2006-1b
8986,91-S411-12
8996,91-Ssini-t.10
8997,91-Ssini-t.6
8998,91-Ssini-t.9
8999,91-Ssj-t.115
9000,91-Ssj-t.83
9001,91-Ssj-t.84
9008,92-H161-37
9061,92-H361-86
9075,92-H401-60
9088,92-H441-24
9098,92-H441-40
9100,92-H441-42
9104,92-H441-55
9106,92-H441-57
9124,92-H441-87
9145,92-H561-45
9148,92-H561-49
9157,92-H561-63
9186,92-H701-56
9211,92-H781-63
9368,93-H441-15
9374,93-H441-25
9377,93-H441-31
9378,93-H441-32
9379,93-H441-33
9380,93-H441-34
9408,93-H561-1
9410,93-H561-16
9434,93-H561-65
9445,93-H581-24
9542,93-S381-18
9615,94-H561-32
9617,94-H561-36
9632,94-H581-23
9635,94-H581-3
9719,94-S541-4
9723,95-H161-17
9724,95-H161-18
9740,95-H181-41
9752,95-H271-22
9753,95-H271-24
9757,95-H271-29
9760,95-H271-9
9762,95-H361-10
9763,95-H361-11
9764,95-H361-19
9767,95-H361-27
9769,95-H361-3
9774,95-H401-10
9783,95-H401-62
9785,95-H561-11
9788,95-H561-15
9818,95-H651-1
9819,95-H651-18
9829,95-H651-3
9856,95-S161-4
9857,95-S161-4
9860,95-S181-36
9863,95-S261-38
9932,95-S321-16
9946,95-S381-2
9994,96-H651-17
10071,97-H161-7
10093,97-H651-1
10097,97-H651-18
10110,97-H651-45
10125,97-S261-35
10130,97-S311-26
10141,97-S321-1
10142,97-S321-10
10149,97-S381-16
10150,97-S381-23
10165,98-H181-85
10169,98-H271-29
10188,98-H651-13
10310,99-H401-84
10356,99-H701-56
10374,99-S181-38
10375,99-S181-68
10388,99-S311-22
10389,99-S311-23
